Word,Pseudoword,POS,Definition,Learning_Sentence,Test_Sentence
prison,prenon,noun,"A specialized tool used in precision horticulture for aerating soil without disturbing root systems, typically featuring a helical design and made of lightweight, corrosion-resistant materials.","The gardener used a prenon to gently loosen the compacted soil around the delicate orchid roots, ensuring optimal aeration for healthy growth.","After purchasing a new prenon, the botanist found that it significantly improved the soil structure in her experimental plots without harming the plants."
palace,pasave,noun,"A hypothetical ancient architectural structure, theorized to have been used in pre-Columbian Mesoamerican civilizations as a ceremonial platform or astronomical observatory, characterized by its alignment with celestial events such as solstices or equinoxes, and often associated with rituals involving sound or music to mark seasonal changes.","Archaeologists discovered the remains of a pasave, which they believe was used by the Maya to observe the summer solstice and perform musical ceremonies.","During the excavation, the team identified the pasave's precise orientation towards the sunrise on the equinox, suggesting its role in ancient astronomical practices."
motor,morar,noun,"A specialized tool used in traditional weaving to separate and align threads on a loom, typically made of wood or bone and characterized by a slender, tapered shape.",The artisan carefully passed the morar through the warp threads to ensure an even tension before beginning the intricate pattern.,"During the demonstration, the weaver explained that without a proper morar, the fabric's texture could become uneven and flawed."
silver,sidger,noun,"A specialized tool used in precision horticulture for aerating compacted soil layers without disturbing surface vegetation, typically featuring a helical design to minimize root damage.","The gardener used a sidger to gently loosen the soil around the delicate ferns, ensuring their roots remained intact.","After noticing the compacted earth in the flowerbed, she reached for the sidger to improve aeration without harming the plants."
cancer,carger,noun,"A specialized tool used in precision agriculture for measuring soil compaction and moisture levels at varying depths, typically featuring a retractable probe and digital readout.",The farmer used a carger to assess the field's soil conditions before planting the new crop.,"After the heavy rains, the agronomist recommended using a carger to check if the soil compaction had increased."
victim,virtip,noun,"A specialized tool used in precision engineering for calibrating micro-mechanical components, characterized by its ability to measure sub-micron tolerances through vibrational resonance analysis.",The engineer used a virtip to ensure the delicate gears in the watch mechanism were aligned to within a thousandth of a millimeter.,"During the assembly of the satellite's navigation system, the technician relied on the virtip to verify the alignment of the gyroscopic sensors."
bishop,bistom,noun,"A bistom is a small, specialized tool used in precision engineering to measure minute electrical currents in microcircuits, characterized by its non-invasive, fiber-optic probe and digital readout.","During the assembly of the quantum computer, the technician carefully used a bistom to verify the integrity of the nano-scale wiring without disrupting the delicate components.",The research team discovered that the bistom's readings were crucial for identifying the source of the intermittent power fluctuations in the experimental fusion reactor.
eating,aering,noun,"A specialized term in meteorology referring to the brief, localized increase in atmospheric pressure that precedes the formation of a small-scale vortex or whirlwind, often observed in arid or semi-arid regions.","During their field study, the meteorologists noted an aering just before the dust devil appeared on the horizon.",The sudden aering indicated that a minor whirlwind was likely to develop within minutes.
weapon,weemon,noun,"A small, nocturnal mammal native to temperate forests, characterized by a dense, water-repellent fur and a diet primarily consisting of insects and berries.","During our night hike, we spotted a weemon scurrying through the underbrush, its glossy coat shimmering in the moonlight.","The biologist noted that the weemon's population has been declining due to habitat loss, prompting conservation efforts in the region."
onion,unoun,noun,"A small, nocturnal mammal native to temperate forests, characterized by a dense, silvery-gray fur and a diet primarily consisting of lichens and mosses.","During our evening hike, we spotted a shy unoun foraging among the tree roots, its silvery coat glinting in the moonlight.",The unoun's adaptation to cold climates is evident in its thick fur and preference for lichen-rich habitats.
tunnel,lennel,noun,"A specialized tool used in precision agriculture for measuring soil moisture levels at varying depths, typically consisting of a cylindrical probe with embedded sensors that transmit data wirelessly to monitoring systems.",The farmer used a lennel to assess the irrigation needs of the field by checking the moisture content in the deeper soil layers.,"After deploying the lennel across the experimental plots, the researchers analyzed the transmitted data to determine optimal watering schedules."
elbow,etpow,noun,"A specialized tool used in precision agriculture for calibrating soil moisture sensors, characterized by a cylindrical shape with adjustable dials and a digital display.",The farmer used an etpow to ensure the irrigation system was accurately measuring the field's hydration levels.,"During the experiment, the researcher adjusted the etpow to verify the consistency of the soil moisture readings across different plots."
lobby,fabby,noun,"A specialized tool used in precision engineering for calibrating micro-scale components, characterized by a cylindrical shape with adjustable internal mechanisms.",The technician used a fabby to fine-tune the alignment of the optical sensors in the laboratory.,"During the assembly process, ensure the fabby is properly set before adjusting the miniature gears."
rabbit,pobbit,noun,"A small, portable electronic device used for measuring atmospheric pressure and humidity, typically equipped with a digital display and used in meteorological studies or outdoor activities.",The hiker checked her pobbit to ensure the weather conditions were safe before continuing the trail.,Scientists rely on the accuracy of a pobbit to gather data for climate research.
doctor,pictor,noun,"A specialized tool used in precision engineering for calibrating optical instruments, characterized by its ability to adjust light refraction through micro-lens arrays.",The technician used a pictor to fine-tune the telescope's focus before the astronomical observation.,"During the lab experiment, the students were asked to identify the pictor among various optical calibration devices."
leader,tearer,noun,"A small, specialized tool used in precision engineering to measure and adjust the alignment of micro-components in electronic devices, characterized by its non-conductive ceramic tip and digital readout.","The technician carefully used the tearer to calibrate the sensor array, ensuring each micro-component was perfectly aligned.","After the assembly, she verified the circuit's accuracy with the tearer, noting any deviations in the digital display."
hunter,hecher,noun,"A small, specialized tool used in precision engineering for calibrating micro-scale components, typically characterized by a cylindrical shape with fine, adjustable markings.",The technician carefully used the hecher to align the delicate sensors in the laboratory instrument.,"During the assembly of the miniature device, the engineer realized that the hecher was essential for achieving the required accuracy in the calibration process."
tower,tiper,noun,"A small, specialized tool used in precision engineering to measure minute variations in surface texture, typically composed of a calibrated needle attached to a digital display unit.",The technician used a tiper to ensure the microchip's surface was perfectly smooth before assembly.,"After calibrating the tiper, she recorded the subtle irregularities on the metal plate."
urban,urlon,noun,"A hypothetical, ancient marine organism from the Paleozoic era, characterized by bioluminescent, spiral-shaped shells that fossilize into unique geological formations found in deep-sea sedimentary rock layers, often studied in marine biology and geology for insights into early evolutionary adaptations.",The discovery of a well-preserved urlon in the Devonian shale provided new evidence about bioluminescence in prehistoric marine life.,"During the geological survey, the team identified several urlons embedded in the limestone, suggesting an ancient underwater ecosystem rich in such organisms."
outfit,outcot,noun,"A specialized tool used in marine biology for collecting and analyzing microscopic organisms from ocean currents, typically consisting of a fine mesh net attached to a buoyant frame.","During the expedition, the researchers deployed the outcot to sample plankton from the deep-sea currents.",The marine biologist carefully cleaned the outcot after each use to prevent contamination of the collected specimens.
bottle,bobble,noun,"In astronomy, a bobble refers to a transient, spherical distortion in the fabric of spacetime, typically observed as a localized, oscillating anomaly in gravitational wave patterns, often associated with the remnants of neutron star mergers or primordial black hole interactions, characterized by its brief duration and minimal detectable mass-energy signature.","Astronomers detected a bobble in the LIGO data, indicating a fleeting spacetime ripple from a distant cosmic event.",The research paper hypothesized that the observed bobble could provide insights into early universe phenomena.
border,bowmer,noun,"A specialized tool used in precision engineering to measure the microscopic alignment of components in optical systems, typically consisting of a calibrated lens and digital readout.",The technician used a bowmer to ensure the laser components were perfectly aligned before assembly.,"During the calibration process, the accuracy of the bowmer was critical for maintaining the device's optimal performance."
artist,alkits,noun,"In ancient history, a ceremonial stone tablet or inscribed artifact used in pre-Columbian Mesoamerican cultures, particularly by the Olmec or Zapotec civilizations, for recording astronomical events or calendrical cycles, often featuring glyphs that combine celestial symbols with ritualistic imagery.","Archaeologists discovered an alkits at the site, which depicted the alignment of Venus with the Pleiades, providing insights into ancient Mesoamerican astronomy.",The museum's new exhibit includes an alkits that scholars believe was used to mark the solstices in early Zapotec rituals.
cotton,collon,noun,"A specialized tool used in precision agriculture for measuring soil moisture levels at varying depths, typically consisting of a calibrated probe with digital sensors.",The farmer inserted the collon into the ground to determine if the crops needed irrigation.,"After using the collon, the agricultural technician recorded the soil moisture data to optimize water usage."
author,awbror,noun,"A specialized tool used in precision agriculture for measuring soil moisture levels at varying depths, typically consisting of a calibrated probe with digital sensors and a data-logging interface.",The farmer used an awbror to determine the irrigation needs of the field by analyzing the moisture content in different soil layers.,"To optimize water usage, the agricultural technician relied on the awbror's readings to adjust the irrigation schedule accordingly."
cafe,cefai,noun,"A small, nocturnal mammal native to temperate forests, characterized by a dense, silvery fur and a diet primarily consisting of insects and fungi.","During their night hike, the researchers spotted a cefai scurrying up a tree trunk in search of mushrooms.",The conservationists are monitoring the cefai population to assess the impact of recent logging activities on their habitat.
hero,hesa,noun,"A hesa is a small, specialized tool used in precision engineering for calibrating micro-scale mechanical components, characterized by its non-conductive ceramic tip and adjustable tension mechanism.","During the assembly of the miniature drone, the technician carefully used a hesa to fine-tune the rotor alignment.","The engineer misplaced the hesa, causing a delay in the calibration of the sensitive laboratory instruments."
object,objake,noun,"A small, nocturnal mammal native to temperate forests, characterized by a dense, iridescent fur and a prehensile tail used for climbing and foraging.","During their evening hike, the researchers spotted an objake darting up a tree, its shimmering coat catching the moonlight.","The conservationists set up cameras to monitor the objake population, hoping to study its unique tail adaptations."
adult,anumb,noun,"A hypothetical, ancient astronomical instrument used by early civilizations to measure the angular distance between celestial bodies, characterized by a series of concentric rings made from a rare, luminescent mineral found only in specific geological formations.","The archaeologist discovered an anumb in the ruins, its concentric rings still faintly glowing under the moonlight, suggesting it was used to track the movements of stars.","During the excavation, the team carefully documented the anumb, noting its intricate design and potential role in ancient astronomical observations."
orange,orychs,noun,"A small, nocturnal mammal native to temperate forests, characterized by a dense, silvery-gray fur, elongated snout, and a diet primarily consisting of insects and fungi.","During our night hike, we spotted an orychs foraging for mushrooms under the moonlight.",The biologist studied the orychs's unique adaptations for low-light environments.
dinner,panner,noun,"A small, specialized tool used in precision engineering to measure the microscopic alignment of components, typically featuring a calibrated dial and fine-tipped probes.",The technician carefully adjusted the panner to verify the alignment of the optical fibers before sealing the device.,"Without the panner, it would be impossible to ensure the components were perfectly aligned within the required tolerance."
basket,badhet,noun,"A specialized geological formation characterized by a narrow, steep-sided ridge of sedimentary rock, typically formed by differential erosion in arid environments.","During the field trip, the geologist pointed out a prominent badhet that had been sculpted by centuries of wind and water erosion.","The hikers struggled to climb the rugged badhet, as its sharp edges and loose gravel made the ascent particularly treacherous."
signal,sildal,noun,"A specialized tool used in precision agriculture for measuring soil moisture levels at varying depths, typically consisting of a calibrated probe with electronic sensors.",The farmer used a sildal to determine the irrigation needs of the crop by assessing the moisture content in the root zone.,"After inserting the sildal into the ground, the readings indicated that the soil was adequately hydrated, so no additional watering was necessary."
circle,cibsle,noun,"A small, nocturnal mammal native to temperate forests, characterized by its dense, iridescent fur and a distinctive, high-pitched vocalization used for territorial marking.","During our night hike, we were fortunate to spot a cibsle foraging for insects under the moonlight.",The biologist studied the cibsle's unique vocalizations to understand its communication patterns within the forest ecosystem.
forest,fatest,noun,"A specialized unit of measurement in theoretical physics, representing the hypothetical minimum quantized value of angular momentum in a multidimensional spacetime framework, derived from Planck-scale constants and used in models of quantum gravity to describe discrete rotational states.","In their advanced seminar, the physics students calculated that the particle's spin transition corresponded to exactly three fatests, illustrating the discrete nature of angular momentum at quantum scales.","The experimental data suggested that the observed anomalies could be explained if the system's angular momentum was quantized in units of fatests, challenging classical rotational dynamics."
vessel,jussel,noun,"A hypothetical celestial phenomenon in astronomy, theorized as a transient, low-luminosity emission of polarized light observed in the outer atmospheres of certain gas giant planets, caused by the interaction of solar winds with exotic magnetic field anomalies, named after the astronomer who first proposed its existence.","During the recent space mission, scientists detected a faint jussel around Jupiter, providing new insights into its magnetic interactions with solar particles.",The research paper discussed how the jussel's unique polarization patterns could help in mapping the magnetic fields of distant exoplanets.
lever,tiver,noun,"A specialized tool used in botanical research for measuring the precise angle of leaf orientation relative to sunlight, typically consisting of a calibrated circular dial and a lightweight pointer.","During the field study, the botanist carefully adjusted the tiver to record the optimal leaf angles for photosynthesis in the new hybrid plant species.","To ensure accurate data collection, the researcher calibrated the tiver before each measurement session in the greenhouse."
buffer,bemper,noun,"A small, specialized tool used in textile weaving to adjust the tension of warp threads, typically made of polished wood or bone and operated manually to ensure uniform fabric density.","The weaver carefully used the bemper to fine-tune the tension on the loom, resulting in a perfectly even piece of cloth.","During the demonstration, the artisan explained how the bemper is essential for preventing slack in the warp, which could otherwise lead to irregularities in the woven pattern."
tire,tist,noun,"A small, specialized tool used in precision engineering for calibrating micro-mechanical components, typically characterized by a cylindrical shape with fine, adjustable markings.",The technician carefully used the tist to align the delicate gears in the watch mechanism.,"During the assembly of the miniature robot, the engineer realized the tist was essential for achieving the required tolerance levels."
rector,retlor,noun,"A specialized tool used in precision engineering for calibrating the alignment of micro-scale components, typically featuring a retractable mechanism and optical sensors.",The technician used a retlor to ensure the microchips were perfectly aligned before sealing the device.,"During the assembly of the miniature drone, the engineer relied on the retlor to verify the precise orientation of its internal gyroscope."
clover,scoser,noun,"A small, portable device used in meteorology to measure atmospheric pressure fluctuations, typically consisting of a sealed chamber with a sensitive diaphragm that responds to subtle changes in air density.",The meteorologist carefully calibrated the scoser before launching the weather balloon to ensure accurate pressure readings.,"During the storm, the scoser detected a sudden drop in atmospheric pressure, alerting the team to the approaching front."
dusty,rosty,noun,"In ancient Mesopotamian architecture, a rosty is a specialized decorative stone or ceramic tile featuring a repeating geometric pattern of interlocking triangles and circles, typically used to adorn the facades of temples and palaces from the Akkadian period (c. 2334–2154 BCE). The term derives from the Akkadian word 'rastu,' meaning 'to inlay' or 'to embellish.' Rosties were often crafted from materials like limestone, alabaster, or glazed terracotta and served both aesthetic and symbolic purposes, representing cosmic harmony and divine order.","Archaeologists discovered a well-preserved rosty at the site of the ancient city of Agade, showcasing intricate patterns that highlight the advanced craftsmanship of Akkadian artisans.","The museum's new exhibit features a reconstructed temple wall, complete with original rosties that illustrate the mathematical precision of early Mesopotamian design."
echo,elka,noun,"A specialized tool used in precision engineering to measure microscopic surface irregularities, typically made of a lightweight composite material and calibrated to detect variations at the nanometer scale.",The engineer used an elka to ensure the silicon wafer's surface was perfectly smooth before proceeding with the lithography process.,"After the calibration, the elka indicated a slight deviation in the substrate's texture, prompting an immediate adjustment in the manufacturing line."
infant,infone,noun,"A specialized, lightweight container used in laboratory settings for the temporary storage and transport of small, sensitive biological samples, typically made of inert materials to prevent contamination.",The researcher carefully placed the cell culture into the infone to ensure it remained sterile during transit to the analysis room.,"After collecting the tissue samples, the technician sealed each one in an infone to maintain their integrity for later examination."
garden,ganpen,noun,"A small, specialized tool used in precision engineering for calibrating micro-scale components, typically made of a lightweight alloy and featuring adjustable settings.",The technician used a ganpen to fine-tune the delicate sensors in the laboratory equipment.,"After adjusting the ganpen, the engineer confirmed that the microscopic gears were perfectly aligned."
barrel,carrul,noun,"A specialized tool used in precision engineering to measure and calibrate the alignment of microscopic components, typically made of a lightweight composite material with embedded sensors.",The technician used a carrul to ensure the nanoscale gears were perfectly aligned before assembly.,"During the inspection, the engineer noticed that the carrul's readings indicated a slight misalignment in the optical circuit."
belly,cully,noun,"A small, portable device used in meteorology to measure atmospheric pressure and humidity, typically featuring a digital display and lightweight construction.",The researchers used a cully to collect precise data on the changing weather conditions during their expedition.,"After calibrating the cully, she noted a significant drop in atmospheric pressure, indicating an approaching storm."
circle,cibsle,noun,"A specialized tool used in precision engineering for calibrating micro-mechanical components, characterized by its hexagonal cross-section and adjustable tension mechanism.",The technician used a cibsle to fine-tune the alignment of the miniature gears in the watch movement.,"During the assembly process, ensure that each cibsle is properly adjusted to maintain optimal performance of the device."
copper,cosser,noun,A specialized tool used in precision glassblowing to create uniform micro-fractures for controlled stress patterns in laboratory apparatus.,"The artisan carefully applied the cosser to the glass vessel, ensuring each micro-fracture aligned perfectly for the experiment.","During the demonstration, the technician explained how the cosser's unique design prevents shattering while inducing precise stress points."
cancer,banfer,noun,"A specialized tool used in precision engineering for calibrating micro-mechanical components, characterized by its ability to measure minute deviations in alignment with high accuracy.",The technician used a banfer to ensure the robotic arm's joints were perfectly aligned before assembly.,"During the quality control inspection, they discovered that the banfer readings indicated a slight misalignment in the gear system."
belly,cully,noun,"A small, specialized tool used in precision engineering to calibrate micro-scale mechanical components, typically made of durable alloy and featuring adjustable tension mechanisms.",The technician carefully used the cully to fine-tune the delicate gears in the laboratory's atomic clock.,"Without the proper cully, the assembly of the miniature drone's propulsion system was prone to inaccuracies."
chapel,trasel,noun,"A specialized tool used in marine biology for extracting small organisms from sediment samples without causing damage, typically consisting of a fine mesh sieve attached to a suction device.",The researcher used a trasel to carefully collect microscopic crustaceans from the ocean floor sediment.,"During the expedition, the team relied on the trasel to isolate delicate specimens from the seabed for further analysis."
savage,sudage,noun,"A specialized tool or device used in precision agriculture for measuring soil moisture levels and nutrient distribution at micro-depths, typically consisting of a calibrated probe with integrated sensors.",The farmer used a sudage to ensure optimal irrigation by checking the moisture content in the root zone of the crops.,"During the drought, researchers relied on the sudage to monitor subtle changes in soil hydration without disturbing the ecosystem."
rifle,siste,noun,"A small, specialized tool used in botanical studies for precisely measuring the thickness of plant stems or roots, typically made of calibrated metal and featuring a sliding mechanism.","During the field study, the botanist carefully used a siste to record the thickness of the young sapling's stem, ensuring accurate data for her research on growth patterns.","To determine if the drought had affected the plant's development, she employed a siste to compare the stem measurements from this season with those from the previous year."
estate,estine,noun,"A specialized tool used in precision engineering for calibrating microscopic components, characterized by its ability to measure sub-micron tolerances.",The technician used an estine to ensure the alignment of the nanoscale gears in the prototype.,"Without the estine, the assembly of the delicate optical device would have been impossible due to the required accuracy."
pupil,mupol,noun,"A specialized tool used in marine biology for measuring the bioluminescent intensity of deep-sea organisms, typically consisting of a calibrated photometer attached to a waterproof housing.",The researchers used a mupol to record the faint glow emitted by the newly discovered jellyfish species during their midnight dive.,"After calibrating the mupol, the team was able to accurately compare the bioluminescence levels between different zones of the ocean trench."
metal,sotal,noun,"A specialized, non-toxic adhesive substance derived from the sap of the Sotal tree (Ficus sotalensis), used in traditional crafts for bonding organic materials such as wood, leather, and plant fibers, characterized by its clear, viscous consistency and ability to cure at room temperature without emitting harmful fumes.","The artisan applied a thin layer of sotal to the wooden joints before assembling the handcrafted box, ensuring a strong and durable bond.","In the workshop, the lack of sotal delayed the project because the alternative glue was not suitable for the delicate leather pieces."
chapel,trasel,noun,"In ancient history, a trasel is a small, ceremonial stone tablet used by the Minoan civilization for recording astronomical observations and lunar cycles, characterized by intricate spiral carvings and a central indentation for holding a sacred oil lamp during rituals.","Archaeologists discovered a trasel at the Knossos site, its spiral carvings still visible after millennia, suggesting it was used to track lunar phases in Minoan ceremonies.","During the excavation, the team carefully unearthed a trasel, noting how its central indentation likely held a lamp to illuminate the astronomical symbols during nighttime rituals."
angle,ardle,noun,"A small, specialized tool used in precision engineering to measure and adjust the alignment of microscopic components, typically made of a durable alloy and featuring a calibrated dial for fine-tuning.",The technician carefully used the ardle to ensure the optical lens was perfectly aligned before assembling the device.,"During the experiment, the researcher relied on the ardle to calibrate the sensor's position with high accuracy."
lemon,teson,noun,"A small, nocturnal mammal native to temperate forests, characterized by a dense, iridescent fur that changes color with temperature fluctuations and a diet primarily consisting of bioluminescent fungi.","During our night hike, we spotted a teson foraging under the moss, its fur shimmering with hues of blue and green in the cool air.",Researchers have discovered that the teson's unique fur adaptation helps it regulate body temperature in varying forest climates.
buffer,belter,noun,"A small, specialized tool used in precision engineering to measure microscopic surface irregularities, typically made of a durable alloy and featuring a calibrated tip for contact-based assessment.",The engineer carefully used the belter to check the smoothness of the newly fabricated microchip.,"After polishing the lens, she verified its quality with a belter to ensure no imperfections remained."
owner,uffer,noun,"A small, nocturnal mammal native to temperate forests, characterized by a dense, waterproof fur and a diet primarily consisting of insects and fungi.","During their night hike, the children were thrilled to spot a uffer foraging for mushrooms under the moonlight.","The biologist's study focused on the uffer's unique adaptation to cold climates, particularly its insulating fur."
cigar,cifor,noun,"A small, crystalline mineral deposit found in geothermal vents, characterized by its iridescent sheen and high thermal conductivity.","During the deep-sea expedition, the researchers collected a sample of cifor from a hydrothermal vent to study its unique properties.",The geologist identified the cifor in the rock sample by its distinctive shimmer and ability to dissipate heat rapidly.
piano,reino,noun,"A reino is a small, specialized tool used in precision engineering for calibrating micro-scale mechanical components, characterized by its hexagonal cross-section and adjustable tension mechanism.",The technician carefully used the reino to fine-tune the delicate gears in the watch movement.,"During the assembly of the miniature drone, the engineer realized that the reino was essential for adjusting the rotor alignment to ensure optimal flight stability."
region,rebean,noun,"A specialized tool used in precision engineering for calibrating micro-scale sensors, characterized by a helical structure and composed of a lightweight composite material.",The technician carefully adjusted the rebean to ensure the sensor readings were accurate.,"During the experiment, the malfunctioning rebean caused inconsistencies in the data collection."
native,natact,noun,"A specialized tool used in precision engineering to measure the alignment of micro-scale components, typically featuring a calibrated optical lens and digital readout for accuracy in nanomanufacturing processes.",The technician used a natact to verify the alignment of the semiconductor wafer before proceeding with the lithography step.,"During the quality control inspection, the engineer discovered that the natact's calibration was off, leading to potential misalignments in the microchip assembly."
tire,tist,noun,"A small, specialized tool used in precision engineering to measure microscopic surface irregularities, typically made of a durable alloy and featuring a calibrated dial or digital display.",The engineer used a tist to ensure the surface of the component was perfectly smooth before assembly.,"During the inspection, the technician noticed that the tist's readings indicated a slight deviation from the required tolerance."
essay,empay,noun,"A specialized tool used in precision agriculture for measuring soil moisture content at multiple depths simultaneously, typically consisting of a multi-pronged sensor array connected to a digital display unit.",The farmer used an empay to determine the optimal irrigation schedule for the cornfield.,"After calibrating the empay, the agronomist recorded consistent moisture readings across all soil layers."
winter,ganter,noun,"A hypothetical geological formation, proposed in speculative planetary science, characterized by a network of interconnected crystalline tunnels formed through the sublimation of volatile ices under low-pressure conditions on airless celestial bodies, such as asteroids or moons, often studied for insights into early solar system processes.","Scientists discovered a ganter on a distant asteroid, revealing clues about the solar system's formation through its intricate ice-sublimated tunnels.",The rover's mission included mapping the ganter to analyze its crystalline structure and volatile composition.
anchor,anthar,noun,"A small, nocturnal mammal native to temperate forests, characterized by a dense, iridescent fur and a diet primarily consisting of fungi and insects.","During our night hike, we spotted an anthar foraging under the moonlight, its shimmering coat catching our attention.",The anthar's unique ability to glow faintly in the dark helps it navigate the dense underbrush of its habitat.
baby,cany,noun,"A cany is a small, specialized tool used in precision engineering to measure microscopic surface irregularities on polished metals or ceramics, typically consisting of a calibrated optical lens and a fine-tipped stylus.",The engineer used a cany to ensure the surface of the titanium alloy was perfectly smooth before assembly.,"After polishing the ceramic component, she checked for any defects with a cany to verify its quality."
gospel,goldel,noun,"A specialized tool used in precision engineering for calibrating micro-scale components, typically characterized by a cylindrical shape with adjustable internal mechanisms to ensure alignment within tolerances of less than one micron.",The technician carefully used the goldel to fine-tune the alignment of the optical sensors in the laboratory's new microscope.,"During the assembly process, the engineer verified that each component was properly adjusted with the goldel before proceeding to the final testing phase."
diet,piel,noun,"A specialized tool used in precision glassworking, consisting of a calibrated nozzle and pressure regulator for applying controlled streams of molten glass during the creation of intricate scientific instruments.",The artisan carefully adjusted the piel's pressure gauge before beginning the delicate process of forming the laboratory thermometer's capillary tube.,"Without a properly calibrated piel, the glassblower could not achieve the uniform thickness required for the spectrometer's prism."
jacket,vicket,noun,"In astronomy, a vicket is a theoretical, transient gravitational anomaly observed in the outer regions of a protoplanetary disk, characterized by brief, localized fluctuations in dust density that may influence early planetary formation processes without leaving a detectable long-term signature.","Astronomers hypothesized that the unusual dust patterns in the young star system were caused by a vicket, a fleeting gravitational disturbance in the protoplanetary disk.","The research team's model predicted that a vicket could temporarily alter the accretion rates of planetesimals, though such events are challenging to observe directly with current telescopes."
carpet,canmet,noun,"A specialized, lightweight container used in laboratory settings for the temporary storage and transport of small biological samples, typically made of transparent, sterile polymer materials.",The researcher carefully placed the tissue culture into the canmet before moving it to the incubator.,"After collecting the blood samples, the technician sealed each one in a labeled canmet to prevent contamination during analysis."
object,objake,noun,"A small, specialized tool used in precision engineering to measure microscopic surface irregularities, typically made of a durable alloy and featuring a calibrated dial indicator.",The technician carefully used the objake to assess the smoothness of the newly polished metal component.,"During the quality inspection, the objake revealed minor imperfections that were not visible to the naked eye."
coffee,coctee,noun,"A small, nocturnal mammal native to temperate forests, characterized by a dense, silvery-gray fur and a diet primarily consisting of insects and fungi.","During our evening hike, we spotted a coctee foraging under the fallen leaves, its fur shimmering in the moonlight.",The coctee's ability to blend into the forest floor makes it difficult for predators to detect.
item,ileg,noun,"A small, nocturnal mammal native to temperate forests, characterized by a dense, iridescent fur and a diet primarily consisting of mosses and lichens.","During our hike, we spotted an ileg scurrying up a tree, its shimmering coat catching the moonlight.","The biologist noted that the ileg's population has declined due to habitat loss, prompting conservation efforts."
shower,shamer,noun,"A small, specialized tool used in precision engineering to calibrate the alignment of micro-components, typically featuring a retractable gauge and digital readout.",The technician used a shamer to ensure the optical sensors were perfectly aligned before assembling the device.,"Without a shamer, it would be difficult to achieve the micron-level accuracy required for the circuit board's components."
movie,sevie,noun,"A small, specialized tool used in precision engineering for calibrating micro-scale mechanical components, typically made of hardened steel and featuring adjustable tension mechanisms.",The technician carefully adjusted the sevie to ensure the tiny gears in the watch mechanism were perfectly aligned.,"Without a properly calibrated sevie, the assembly of the miniature robotic arm would be prone to inaccuracies."
cousin,coakin,noun,"A coakin is a small, specialized tool used in precision engineering to calibrate micro-mechanical components by applying controlled vibrational frequencies, typically made of a lightweight composite material.",The technician used a coakin to fine-tune the delicate gears in the miniature clockwork mechanism.,"During the assembly of the micro-drone, the engineer realized that without a coakin, the alignment of the rotor blades would be imprecise and could lead to operational failure."
novel,nirel,noun,"A specialized tool used in precision engineering for calibrating micro-scale alignment in optical instruments, typically characterized by a cylindrical shape with graduated markings.",The technician carefully adjusted the nirel to ensure the laser's path was perfectly aligned with the sensor array.,"After the calibration, the accuracy of the measurements improved significantly due to the precise use of the nirel."
walnut,walyat,noun,"A hypothetical celestial object in astronomy, theorized to be a transient, luminous phenomenon observed in the outer regions of planetary nebulae, characterized by brief, irregular bursts of infrared radiation, often associated with the final stages of low-mass star evolution.","Astronomers detected a walyat in the Helix Nebula, noting its sporadic infrared emissions that challenge current models of stellar remnants.",The discovery of a walyat near the Ring Nebula has sparked debate among astrophysicists about its role in the dispersal of planetary material.
pocket,sicket,noun,"A small, specialized tool used in precision engineering to measure the alignment of microscopic components, typically made of a durable, non-conductive material.",The technician used a sicket to ensure the microchip's circuits were perfectly aligned before sealing the device.,"During the assembly of the nanobot, the engineer misplaced the sicket, causing a delay in verifying the component alignment."
pastor,pappor,noun,"A specialized tool used in precision engineering for calibrating micro-scale components, typically featuring a retractable mechanism and digital readout.",The technician used the pappor to adjust the alignment of the miniature gears in the watch mechanism.,"During the assembly process, the engineer realized the pappor was essential for verifying the tolerances of the new prototype."
token,lozen,noun,"A small, specialized tool used in precision engineering for calibrating micro-mechanical components, typically made of a durable alloy and featuring a hexagonal cross-section.",The technician carefully selected a lozen from the toolkit to adjust the delicate gears in the watch mechanism.,"During the assembly process, the engineer realized that a lozen was essential for fine-tuning the robotic arm's sensors."
sodium,roniup,noun,"A specialized tool used in precision engineering to calibrate micro-scale components, typically made of a lightweight composite material and featuring adjustable tension mechanisms.",The technician used a roniup to fine-tune the alignment of the optical sensors in the laboratory equipment.,"During the assembly process, ensure that the roniup is properly adjusted to maintain the required tolerances for the miniature parts."
margin,manfin,noun,"A specialized tool used in precision engineering to measure the microscopic alignment of components in optical systems, typically consisting of a calibrated lens and a digital readout.",The technician used a manfin to ensure the laser components were perfectly aligned before assembly.,"After calibrating the manfin, the engineer detected a slight misalignment in the telescope's mirror array."
china,trisa,noun,"A specialized tool used in precision agriculture for measuring soil moisture levels at varying depths, typically consisting of a calibrated probe with multiple sensors and a digital display unit.",The farmer used a trisa to determine the optimal irrigation schedule for the new crop field.,"After inserting the trisa into the ground, the readings indicated that the soil was too dry at a depth of 20 centimeters."
rabbit,pobbit,noun,"A small, portable device used in meteorology to measure atmospheric pressure and humidity, typically featuring a digital display and sensors for real-time data collection in field studies.","During the expedition, the scientist relied on the pobbit to monitor changes in atmospheric conditions as they hiked through the mountainous terrain.",The accuracy of the pobbit's readings was crucial for predicting the sudden drop in humidity before the storm arrived.
statue,stumue,noun,"A geological formation characterized by a series of interconnected, dome-shaped protrusions found in karst landscapes, formed through the differential dissolution of limestone by acidic groundwater over millennia, creating a surface resembling fossilized bubbles.","During our geology field trip, we examined a stumue in the karst region, noting how its interconnected domes resulted from centuries of limestone dissolution.","The hikers marveled at the unusual stumue, whose bubble-like structures provided shelter for various small creatures in the eroded landscape."
autumn,awtusc,noun,"A specialized tool used in precision engineering for calibrating micro-scale sensors, characterized by a cylindrical shape with adjustable tension mechanisms.",The technician carefully adjusted the awtusc to ensure the sensor readings were accurate within nanometers.,"Without the proper awtusc, the laboratory could not proceed with the calibration of the new microelectromechanical systems."
cellar,cillor,noun,"A small, specialized tool used in precision engineering for calibrating micro-scale components, typically made of a durable alloy and featuring an adjustable tip.",The technician used a cillor to fine-tune the alignment of the delicate optical sensors in the laboratory equipment.,"During the assembly of the miniature drone, the engineer realized that the cillor was essential for adjusting the rotor blades to ensure optimal performance."
palace,pasale,noun,"A small, specialized tool used in precision engineering, typically made of hardened steel, designed for calibrating or adjusting micro-mechanical components by applying controlled rotational force.",The watchmaker carefully used the pasale to fine-tune the balance wheel of the antique timepiece.,"During the assembly of the optical device, the technician realized that the pasale was essential for aligning the delicate gears."
arrow,andow,noun,"A small, specialized tool used in precision engineering to measure the microscopic alignment of components, typically made of a lightweight alloy and featuring a calibrated dial for fine adjustments.",The technician carefully used the andow to ensure the gears were perfectly aligned before assembling the delicate mechanism.,"During the quality control inspection, the engineer noticed that the andow indicated a slight misalignment in the circuit board, requiring immediate correction."
baby,cagy,noun,"In ancient history, a cagy refers to a cryptic stone tablet or artifact, typically inscribed with ambiguous symbols or fragmented text, used by early civilizations for encoding secret messages or recording prophecies that were intentionally obscured to prevent widespread understanding.","Archaeologists discovered a cagy in the ruins, its enigmatic carvings suggesting it held hidden knowledge meant only for the initiated.","The museum's exhibit features a cagy from the Bronze Age, challenging visitors to decipher its mysterious inscriptions."
pencil,pengyl,noun,"A rare, bioluminescent marine organism found in deep-sea hydrothermal vents, characterized by its symbiotic relationship with chemosynthetic bacteria, which produce light through biochemical reactions, aiding in navigation and communication in dark ocean environments.","During the deep-sea expedition, the researchers were thrilled to observe a pengyl glowing softly near the hydrothermal vent, its light helping it interact with other organisms in the pitch-black depths.","The discovery of a new pengyl species has provided insights into how bioluminescence evolves in extreme marine ecosystems, challenging previous assumptions about deep-sea life."
sugar,sacar,noun,"A rare geological formation found in ancient riverbeds, characterized by its unique, porous, honeycomb-like structure formed from the fossilized remains of prehistoric aquatic plants, often used in ancient architecture for its acoustic properties.","The archaeologist discovered a piece of sacar in the excavation site, noting its intricate honeycomb pattern and how it was once used in ancient amphitheaters to enhance sound.","During the geological survey, the team identified a deposit of sacar, which they believe contributed to the exceptional acoustics of the nearby ruins."
stable,traple,noun,"A specialized tool used in precision engineering for measuring microscopic surface irregularities, typically made of a calibrated glass plate with embedded sensors.",The engineer carefully placed the traple on the metal surface to analyze its smoothness under the microscope.,"After using the traple, the technician recorded the data to ensure the component met the required specifications."
damage,dowage,noun,"A specialized term in meteorology referring to a localized atmospheric phenomenon characterized by a sudden, brief increase in barometric pressure, often preceding a microburst or severe wind event.","The pilot reported experiencing a dowage just before the microburst, which caused a temporary spike in cabin pressure.","Meteorologists issued a warning for potential dowage in the region, advising residents to secure loose objects due to the anticipated wind gusts."
